URL,Changefreq,Priority
https://mood-island.heytcm.com/,daily,1.0
https://mood-island.heytcm.com/battle-for-domestic-ct-market-united-imaging-neusoft-mingfeng,weekly,0.9
https://mood-island.heytcm.com/brands-catalog,weekly,0.9
https://mood-island.heytcm.com/catalog,weekly,0.9
https://mood-island.heytcm.com/ct-scanner-development-timeline,weekly,0.9
https://mood-island.heytcm.com/ct-scanner,weekly,0.9
https://mood-island.heytcm.com/de,weekly,0.9
https://mood-island.heytcm.com/device-az,weekly,0.9
https://mood-island.heytcm.com/device-catalog,weekly,0.9
https://mood-island.heytcm.com/import-guide,weekly,0.9
https://mood-island.heytcm.com/,weekly,0.9
https://mood-island.heytcm.com/mri-development-timeline,weekly,0.9
https://mood-island.heytcm.com/mri-scanner,weekly,0.9
https://mood-island.heytcm.com/privacy,weekly,0.9
https://mood-island.heytcm.com/terms,weekly,0.9
https://mood-island.heytcm.com/zh,weekly,0.9